"subreddit","user","title","upvotes","comments","awards"
"r/hinduism","u/CwazzyNR","My dad put a picture of Hanuman in my room","40","53","0"
"r/hinduism","u/NaveenDurgaraju","Hanuman lifts Sanjeevani mountain","974","57","9"
"r/hinduism","u/Eastern_Roman_Empire","Happy Saturday to the community! May Lord Hanuman bless us all!","705","22","0"
"r/IndiaSpeaks","u/Reviving_India","Hanuman Jayanti Today 🙏","1.1k","21","1 award"
"r/hinduism","u/DuhItsNifty","100,008 Vadas tied as Garlands for Namakkal Hanuman, on the occasion of Hanuman Jayanthi in Tamil Nadu.","519","23","0"
"r/hinduism","u/nikhilmishra_art","hanuman ji Digital art","408","13","3"
"r/IndiaSpeaks","u/shanuu17","I can't believe this is Anurag Kashyap Directed movie "Return of Hanuman"","795","58","0"
"r/Sham_Sharma_Show","u/Akash_Raj_5979","sare jai hanuman ji likhe 🤫","1.1k","62","0"
"r/bollywood","u/The_Maskinilover","Thus scene gave me goosebumps as a child. Movie: Hanuman (animated) 2005","213","20","0"
"r/IndiaSpeaks","u/Shashi_tharooor_7","Hanuman Mandir Demolished by Rajasthan Congress Goverment | AbuRoad, Rajasthan | Those who protested were beaten badly.","626","69","2"
"r/Sham_Sharma_Show","u/Cloudinmyhand","Congress govt in Rajasthan demolishes Hanuman Mandir at Abu. Lathi charged and detained all Hindu protestors.","460","80","0"
"r/Sham_Sharma_Show","u/shanuu17","Return of Hanuman Directed By Anurag Kashyap...What are your views on this?","599","30","0"
"r/tollywood","u/Pretty_Parsnip3688","Teja Sajja - Prashanth Varma's film "HANUMAN" teaser out now","133","89","0"
"r/mythology","u/private_loser_","What are your views on the Hanuman - Wukong theory. (For those who don't know, there's a theory that Hanuman, being immortal, got bored, decided to medicate, became stone and the stone broke and monkey King came out, which is believable as they have many similarities)","59","26","0"
"r/tollywood","u/Naren_Baradwaj123","Hanuman movie team is shooting a big underwater sequence","55","22","0"
"r/TamilNadu","u/Reviving_India","Hanuman Jayanti Today 🙏","102","12","0"
"r/hinduism","u/Zulu_Borah99","Cried twice while chanting Hanuman Chalisa for the first time","54","9","0"
"r/hinduism","u/Eastern_Roman_Empire","The feeling you get after chanting Hanuman Chalisa :)","252","6","1 award"
"r/IndianDankMemes","u/CoachSouth8520","fuck it we listening to hanuman chalisa","555","45","0"
"r/bollywood","u/dontknowwhyiamhere23","Hanuman (2005) and The Return Of Hanuman (2007). Most of us would have watched these movies in childhood. What are your opinions on them?","253","107","0"
"r/dankrishu","u/-DevilBoy99","Hanuman Chalisa 🚩🚩🚩🚩","443","17","3"
"r/hinduism","u/Eastern_Roman_Empire","Hanuman Chalisa improved my standing and walking posture.","198","22","0"
"r/indianews","u/GoneWithThePaad","Andhra: A person poured petrol and set fire to Deity Hanuman outside Ramalayam, located nearby railway gate, Kakinada, Achyutapuram. Locals caught him and snuffed the fire.","99","5","0"
"r/IndiaSpeaks","u/OcelotOk1744","Created AI art of Hanuman (Stable diffusion)","161","18","0"
"r/delhi","u/Delicious-Holiday564","Hanuman ji ki yaad aa gyi thi ise dekh ke aj","51","7","0"